HD no.	work status	province / Italic region	modern country	ancient find spot	modern find spot	find spot (village, street, etc.)	Chronological data	Literature	Transcription	Photos
HD000082	checked with photo	Roma	Italy	Roma	Roma	via Portuense, vigna Bonelli?	171 AD – 230 AD	AE 1983, 0046. (B)  G. Barbieri, in: G. Barbieri (Hrsg.), Il lapidario Zeri di Mentana (Roma 1982) 67-69, Nr. 28; tav. 26, 1 u. 26, 2. - AE 1983.  L. Moretti, ArchClass 25/26, 1973/74, 465-466; tav. 83, 2 u. 83, 3 u. 84, 1.  CIL 06, 41026; Foto.  IGUR 1533; Foto. (B)	L(ucius) Licinius L(uci) [[f(ilius) Crassu]]s / consularis [[orator]] // Ὅμηρος / φιλόσοφος καὶ / θεῖος ποιητής
HD000364	checked with photo	Germania superior	Germany		Walldürn	Balineum bei Kastell	232 AD	AE 1983, 0729. (B)  M. Lemosse, Ktema 6, 1981, 349-358; Foto. (B) - AE 1983.  CIL 13, 06592.  ILS 9184. (B)  PIR (2. Aufl.) M 307.  AE 1897, 0118.  Conrady, Limes 5, 24, 1897, 658-660. - AE 1897.	Deae Fortunae / sanctae balineu[m] / vetustate conlap/sum expl(oratores) Stu[ri] / et Brit(tones) gentiles [et] / officiales Brit(---)(?) / deditic(iorum) [[Alexan]]/[[drianorum]] de / suo restituer(unt) cu/ra(m) agente T(ito) Fl(avio) Ro/mano |(centurione) leg(ionis) XXII P(rimigeniae) p(iae) f(idelis) / Id(ibus) Aug(ustis) Lupo et Maximo // co(n)s(ulibus)
HD007175	checked with photo	Aemilia (Regio VIII)	Italy	Bononia, bei	Zola Predosa		1 AD – 150 AD	AE 1976, 0210.  AE 1945, 0052.  G. Susini - R. Pincelli, Il lapidario (Bologna 1960) 161-162, Nr. 185; tav. 8. - AE 1976.  G.A. Mansuelli, Epigraphica 3, 1941, 96, Nr. 12; fig. 6. - AE 1945; AE 1976.	M(arcus) Tullius M(arci) l(ibertus) / Famulus colorat(or) / sibi et / Tyndaridi l(ibertae) / [---]i l(ibertae)
HD009013	provisional	Umbria (Regio VI)	Italy	Pisaurum	Pesaro			AE 1972, 0173.  CIL 11, 06334.	$] oratoris consulis magistri Impp(eratorum) Luci et Antonini
HD011457	checked with photo	Dacia	Romania		Orăştioara de Sus	Lager, sekundär verwendet	131 AD – 170 AD	AE 1974, 0546. (B)  AE 1972, 0486.  IDR 3, 3, 263; fig. 196 (Foto u. Zeichnung).  N. Gostar, ActaMusNapoca 6, 1969, 493-495. 501, Nr. 2; fig. 2 (Foto u. Zeichnung). - AE 1972. 1974.  N. Gostar, Germania 50, 1972, 241-247; Abb. 1. - AE 1972.  L. Ţeposu Marinescu, Funerary monuments in Dacia Superior and Dacia Porolissensis (Oxford 1982) 113, Nr. 45; pl. 4. (B)	D(is) M(anibus) / Iulio Secundo / expl(oratori) stip(endiorum) XXXI(?)I(?) / domo Agrip(pina) / vix[i]t an(nos) LV / [h(eredes)?] f(aciendum) c(uraverunt?)
HD011463	checked with drawing	Dacia	Romania		Orăştioara de Sus	Lager	106 AD – 270 AD	AE 1974, 0548.  AE 1972, 0487, 1.  IDR 3, 3, 266; fig. 198 (Zeichnung).  N. Gostar, ActaMusNapoca 6, 1969, 496-501, Nr. 4. (B) - AE 1972. 1974.  N. Gostar, Germania 50, 1972, 243. - AE 1972.	N(umerus) G(ermanicianorum) e(xploratorum)
HD012322	checked with photo	Macedonia	Greece	Colonia Iulia Augusta Philippensium (= Philippi), bei	Grammeni		118 AD – 150 AD	AE 1969/70, 0583. (B)  M. Speidel, JRS 60, 1970, 142-153; pl. 13. - AE 1969/70.  AE 1974, 0589.  G. Mihailov, in: Mélanges helléniques offerts à G. Daux (Paris 1974) 279-287. - AE 1974.  AE 1985, 0721.  G. Molisani, in: Atti del Colloquio Internazionale AIEGL su Epigrafia e ordine senatorio 1, Roma 1981, Tituli 4 (Roma 1982) 609-612. - AE 1985.  P. Pilhofer, Philippi 2. Katalog der Inschriften von Philippi (Tübingen 2000) 506-510, Nr. 522. (B)  P. Pilhofer, Philippi 2. Katalog der Inschriften von Philippi (2. Aufl. Tübingen 2009) 620-623, Nr. 522.	Ti(berius) Claudius / Maximus vet(eranus) / [s(e)] v(ivo) f(aciendum) c(uravit) militavit / eque(s) in leg(ione) VII C(laudia) p(ia) f(ideli) fac/tus qu(a)estor equit(um) / singularis legati le/gionis eiusdem vexil/larius equitum item / bello Dacico ob virtu/te(m) donis donatus ab Im/p(eratore) Domitiano factus dupli(carius) / a divo Troiano(!) in ala secu(nda) / Pannoniorum a quo et fa(c)/tus explorator in bello Da/cico et ob virtute(m) bis donis / donatus bello Dacico et / Parthico et ab eode(m) factus / decurio in ala eade(m) quod / cepisset Decebalu(m) et caput / eius pertulisset ei Ranissto/ro missus voluntarius ho/nesta missione a Terent[io Scau]/riano consulare(!) [exerci]/tus provinciae nov[ae Daciae?] / [&?
HD016130	checked with photo	Pannonia inferior	Hungary		Őcsény	Gemeindewald, bei	131 AD – 170 AD	AE 1966, 0303. (B)  CIL 03, 03299.  RIU 1030.  A.S. Burger, FolA 17, 1965, 103-109; Abb. 34; Abb. 35 (Zeichnung). - AE 1966.  A.S. Burger, Die Skulpturen des Stadtgebietes von Sopianae und des Gebietes zwischen der Drau und der Limesstrecke Lussonium - Altinum, CSIR Ungarn 7 (Budapest 1991) 43, Nr. 43; Taf. 16, 2.	D(is) M(anibus) // C(aiae) Val(eriae) Alpin(a)e / an(n)orum / VIII hic sit/a est pat(e)r et / mater fili(a)e / ben(e) mer(e)nti / posuerunt / et sibi vivis / Ael(ius) Ressatus / explorat(or) et / Val(eria) Aelias / mater
HD017462	provisional	Africa Proconsularis	Libyan Arab Jamahiriya	Ghirza, bei	Qirdah, bei			AE 1957, 0243.	Seque[ns ---]O[---]E[---]/CIS memorator M/[---]n eorum est Mon/[-]san filius VOC/IIS omnibus par/entibus pos[uit] / quis et V[---] / diem [---] / vic[tori]arum [s]u/arum exhibuit / sacrificia [p]are/ntaliorum ta/uros n(umero) LI qu/inquaginta e[t] / [unum] capros [n(umero)] / [XX]XVIII tri[gi]/[nta o]ct[o &
HD017769	provisional	Germania inferior	Germany	Colonia Claudia Ara Agrippinensium	Köln		239 AD	AE 1990, 0728.  PIR (2. Aufl.) A 51.	In h(onorem) d(omus) d(ivinae) I(ovi) O(ptimo) M(aximo) / et Larib(us) et Sedib(us) / et Genio loci / Audacius Qu(i)e/tus mil(es) n(umeri) exp(loratorum) Bat(avorum) / barc(arius) co(n)s(ularis) v(otum) s(olvit) l(ibens) m(erito) / d(edicavit) d(ie) XVIII Ian(uarii) Gor/diano Avi(o)la co(n)s(ulibus)
HD019188	provisional	Mauretania Caesariensis	Algeria	Sitifis	Sétif			AE 1955, 0057.	Commemorator / domini Sat(urni)
HD019562	checked with drawing	Britannia	United Kingdom	Bremenium	High Rochester		201 AD – 300 AD	CIL 07, 01037. (B)  ILS 2631. (B)  AE 1947, 0126.  R.P. Wright, JRS 34, 1944, 85, Nr. 1. - AE 1967.  AE 1949, 0156.  RIB 1270; Zeichnungen.	D(eae) R(omae) s(acrum) // dupl(icarii) n(umeri) explor(atorum) / Bremen(iensium) aram / instituerunt / n(atali) eius c(urante) Caep(ione) / Charitino trib(uno) / v(otum) s(olventes) l(ibentes) m(erito)
HD019672	checked through autopsy	Germania superior	Germany		Welzheim	Ostkastell, Bad	197 AD – 211 AD	AE 1895, 0020.  CIL 13, 06526.  F. Haug - G. Sixt, Die römischen Inschriften und Bildwerke Württembergs (Stuttgart 1900) 298-299, Nr. 393; Abb. 174.  D. Mettler, Limes 3, 12, 1894, 367-368. - AE 1895.  P. Filtzinger, Hic saxa loquuntur. Römische Steindenkmäler im Lapidarium Stiftsfruchtkasten und in der Ausstellung "Die Römer in Württemberg" im Alten Schloß (Stuttgart 1980) 40, Nr. 12; Abb. 12.	I(ovi) O(ptimo) M(aximo) / pro salut(e) do/minor(um) Imp(eratorum) / M(arcus) Octavius / Severus |(centurio) / leg(ionis) VIII Aug(ustae) / praeposit(us) / Brit(tonum) et expl(oratorum)
HD020157	checked with photo	Pannonia superior	Hungary	Brigetio	Komárom	Szőny	86 AD – 200 AD	AE 1944, 0122. (B)  RIU 0424.  S. Paulovics, in: Laureae Aquincenses memoriae Valentini Kuzsinszky dicatae 2 (Budapest 1941) 138-139; pl. 17, 2. - AE 1944.  L. Borhy, Vezető Komárom város római kori kőemlékeihez (Komárom 2006) 80, Nr. 49; Fotos. (B)	[I(ovi) O(ptimo) M(aximo)] // et Iunoni Reg(inae) / [et] Genio explo/[rator]um co(hortis?) VII(?) / [Breucorum &
HD020177	provisional	Latium et Campania (Regio I)	Italy	Ostia	Roma, Ostia	Ostia antica		AE 1909, 0213.	[Cn(aeo) Claudio Seve]ro II Ti(berio) [Claudio Pompeiano II] / [ordo] corp[oratorum] / [---]us Papa P(ublius) Anteius [---] / [---]us Fructus M(arcus) Campunn[ius ---] / [---]s Felicissimus T(itus) Pompeius C[---] / [---]us Victor P(ublius) Arruntiu[s ---] / [---]us Servilio Q(uintus) Vennius [---] / [M(arcus) Campu]nnius Agathop(us) M(arcus) Sulpicius Maio[r] / [---]us Bradua L(ucius) Laecanius Alexander / [---]us Deuter M(arcus) Marius Primitivo(s)(!) / [---]us Victor Cn(aeus) Rullius Feli[x] / [---]us Hilarus Q(uintus) Cerellius Marin[us] / [---]s Fortunatus A(ulus) Caedicius Callistian[us] / [---]s Corinthian(us) C(aius) Aninius Primu[s] / [---]us Crispinus Q(uintus) Tadius Ceria[lis] / [---] Callistio M(arcus) Ulpius Fortu[natus] / [---]IIS M(arcus) Campunn(ius) Primige[nius] / [---] M(arcus) Campunn(ius) Resti[tutus] // [---]RI[---] / [--- Se]ptimio(?) PO[---] / [a]nnonae / [&
HD021645	provisional	Roma	Italy	Roma	Roma		179 AD	AE 1948, 0097.  PIR (2. Aufl.) M 348.	[[Imp(eratore) Commodo]] / Aug(usto) II P(ublio) Martio / Vero II co(n)s(ulibus) / V Kal(endas) Mart(ias) / T(itus) Fl(avius) Vitalio / q(uin)q(uennalis) electus / Genium trib(us) / Pal(atinae) corp(oris) iun(iorum) / Iuven(alis) hon(oratorum) / ex arg(enti) libr(is) / [tri]bu[s ---]
HD027490	provisional	Latium et Campania (Regio I)	Italy	Ostia	Roma, Ostia	Ostia antica		AE 1920, 0091.  CIL 14, 04572.	$] / [--- Pro]bo co(n)s(ule) o[rdo ---] / [--- q]uib(us) s(enatus) c(onsulto) [---] // [ord---] corporatorum // [--- S]aturninus / [--- P]anfilus(!) / [---] Gaius / [---] Rot(h)us / [--- Cucu]mer(?) / [& // Larcidius Magn[us] / Aemilius Saturn[inus] / Qu(i)et(i)us(?) Feli[---] / q(uaestor?) Plotius Petru[---] / Aurelius Iustin[---] / Varius [---] / [&
HD028639	provisional	Iudaea	Israel	Caesarea Maritima	Har Qesari			AE 1894, 0036.  CIL 03, 12082.	M(arcum) Fl(avium) Agrippam pontif(icem) / IIviral(em) / col(onia) I Fl(avia) Aug(usta) Caesareae ora/torem ex dec(reto) dec(urionum) pec(unia) publ(ica)
HD028741	provisional	Lycia et Pamphylia	Turkey		Ali-faradin			AE 1894, 0068.  CIL 03, 13640.	$]A[---] / [quando et alias immunes convenit ser]vari co[ll]at[ores nostros] / [maxime possessio]nes ad ve[n]era[bile ora]/[torium sa]ncti apostoli Io[h]an[nis per]/[tinentes ea] providentia [frui] opor[tet] / [propter ho]c memoratas precibus [posses]/[siones et] eorum colonos vel adscrip/[ticios et c]uratores aut conductores s[e]/[curos ab om]ni laesione permanere tam / [transeuntium mi]litum vel violentiae prohibit/[orum qu]am ab illis militibus qui sedes / [prope ea]sdem possessiones habere nos/[cuntur] nullo eorum audente quo/[cumqu]e damno ex [qua]cumque occasi/[one eos] adfligere s[i prec]es verae sunt / [competent]is oraculi sa[cra sanc]tione decer/[nimus quam re]ctor provinciae [u]na cum / [officio suo modis omni]bus ob[se]r[v]are ef[fi]/[ciet severissima p]oenali condemn/[atione --- mini]me defutura cont/[ra violatores nostror]um apicum omni obr/[eptione contra venie]ntium sive per sacrum / [apicem sive pe]r [v]icem postulation[is] / [aut] alio quo[libe]t modo facta iam vel / [f]utura cessan[t]e data Kalendas Iunias / Constantinopoli Mavortio vir[o] clarissi/mo consule m(anu?) i(mperatoris?) rescripsi reco/gnovi
HD030063	provisional	Mauretania Caesariensis	Algeria	Albulae	Aïn-Témouchent			AE 1905, 0007.	D(is) M(anibus) / Ulpio Veti(o) / mil(iti) n(umeri) expl(oratorum) / Germa(norum) stip(endiorum) / VI vixit an(nos) / XXVII cui / Fl(avius) Victori/nus Sec(undus) he(res) / sepul(crum) f(aciendum) c(uravit)
HD031087	provisional	Apulia et Calabria (Regio II)	Italy	Beneventum	Benevento		251 AD – 300 AD	B.E. Thomasson, Fasti Africani. Senatorische und ritterliche Amtsträger in den römischen Provinzen Nordafrikas von Augustus bis Diokletian (Stockholm 1996) 13, Nr. 16a.  CIL 09, 01571.	M(arco) Caecilio Novatil[l]iano / cur(atori) poetae et oratori in/lustri v(iro) c(larissimo) allecto in/ter consulares praesi/di prov(inciae) Mo[e]s(iae) quaesto/ri Af[ric]ae praefecto / iuris d(icundi) Hispaniae cit(erioris) et / Calabriae / splendidissimus ordo Beneven/tanorum privatim et publ/licae(!) / patrocinio eius sae/pe defensi p(ublice) d(ecreto) d(ecurionum)
HD031090	provisional	Apulia et Calabria (Regio II)	Italy	Beneventum	Benevento		251 AD – 300 AD	B.E. Thomasson, Fasti Africani. Senatorische und ritterliche Amtsträger in den römischen Provinzen Nordafrikas von Augustus bis Diokletian (Stockholm 1996) 131, Nr. 16b.  CIL 09, 01572.  ILS 2939.	M(arco) Caecilio / Novatilliano / c(larissimo) v(iro) oratori et po/etae inlustri al/lecto inter con/sulares praesidi / prov(inciae) Moes(iae) sup(erioris) iurid(ico) His/pan(iae) cit(erioris) iurid(ico) Apul(iae) et Ca/labr(iae) praet(ori) trib(uno) pleb(is) / q(uaestori) prov(inciae) Afric(ae) / splendidiss(imus) ordo / Beneventanorum / privatim et public(e) / patrocinio eius / saepe defensi p(ublice) d(ecreto) d(ecurionum)
HD031872	checked with photo	Germania superior	Germany		Heidelberg	Bergheim, Vangerowstraße	101 AD – 200 AD	AE 1902, 0063.  K. Pfaff, KWDZ 21, 1902, 7-8; Abb. 2. - AE 1902.  A. von Domaszewski, KWDZ 21, 1902, 9-11.  CIL 13, 11735.  E. Wagner, Fundstätten und Funde aus vorgeschichtlicher, römischer und alamannisch-fränkischer Zeit im Grossherzogtum Baden 2. Das Badische Unterland (Tübingen 1911) 297-298, Nr. 2; Abb. 248.  RSO 108.  É. Espérandieu, Recueil général des bas-reliefs, statues et bustes de la Germanie romaine (Paris - Brussel 1931) 273-274, Nr. 420; Foto.	D(is) M(anibus) / Respecto Be/ri an(norum) XXIII c(ivi) S(uebo) N(icrensi) exp/loratori Can/didus Beri frat(er) proc(uravit)
HD031972	checked through autopsy	Pannonia superior	Hungary	Brigetio, aus?	Pusztavám		228 AD	AE 2004, 1174.  RIU 1411a u. b; Abb. 1411a u. b (Foto u. Zeichnung). (B)  G. Alföldy, in: L. Ruscu - C. Ciongradi - R. Ardevan - C. Roman - C. Gazdag (Hrsg.), Orbis antiquus. Studia in honorem Ioannis Pisonis (Cluj-Napoca 2004) 15-24; Abb. 1 u. 2 (Zeichnungen). - AE 2004.  PIR (2. Aufl.) A 470.  PIR (2. Aufl.) M 60.  PIR P 548.  PIR P 729.	[Q(uinto) Aiacio Mo]desto / [M(arco) Maecio Pr]obo / [co(n)s(ulibus)] / [Victoriae] / [Aug(usti) n(ostri) et] // [leg(ionis) I ad(iutricis) Severi]an(a)e / [---] Pon/[tianus ---]o vet(eranus) / [cum ---]co / [filio] / [d(ono) d(edit)] // [D(is)] M(anibus) [s(acrum)] / [---] Se[ve]rus mil(es) expl(orator) numero [---](?)/[---]antium(?) obito centurioni optimo / rudi labore Issius(!) feci qui vixit an(nos) XLVI
HD032457	provisional	Mauretania Caesariensis	Algeria	Albulae	Aïn-Témouchent			AE 1901, 0059bis.	D(is) M(anibus) / Ulpi Queti / mil(itis) n(umeri) expl(oratorum) / Germa(nicorum) stip(endiorum) / VI vixit an(nos) / XXVII cui / Fl(avius) Victori/nus sec(undus) he(res) / sepul(turam) f(aciendam) c(uravit)
HD032816	checked with photo	Roma	Italy	Roma	Roma	S. Costanza, Kirche, sekundär verwendet	443 AD	CIL 06, 41395; fig. α u. β.  CIL 06, 31983.  CLE 1756.  ILCV 0105.  ICUR n. s. 21048.  ILS 2950.  P. Cugusi, Per un nuovo corpus dei Carmina Latina Epigraphica. Materiale e discussioni, MAL 22 (Roma 2007) 136.  PLRE 2 Merobaudes.	$] / [---]i maxi[m- ---] / [--- doctrinae car]mina magnae / [--- disc]eret acta puer / [---]m figeretur [---?] / [---]V(?) penetraret a[mor] / [--- vi]vo lacrimosus a[more] / [--- toto] pectore quest[us erat] / [---]I(?)a flenda d[omusque] / [---]V(?)D(?)[---] / [&? // $?] / fecisti patriam quo[circa miseram] / i<n>felix nimium sociatus q[uamquam uxori] / quam tibi nec fati s[ors superesse dedit] / Flavius Merobaudes orator [qui vixit annis ---] / minus duobus mensibus et diebus q[--- in pace] / hic requiescit mortuus est V K(a)l(endas) [---]
HD033477	provisional	Lugdunensis	France	Lugdunum	Lyon			AE 1904, 0176.	[Dis Ma]nibus / [C(ai) Aproni Ra]ptoris Tre/[veri dec(urionis) ci]vitat(is) negot/[iatoris vinar(iarii)] in canab(is) nautae / [Arar(ici) patron(o)] utrorumq(ue) cor/[poratorum] Aproniae Belli/[--- ponend(um)] curaverunt et / [sub ascia] ded(i)caverunt
HD037054	checked with drawing	Germania superior	Germany		Marbach/Neckar	Neckar / Murr, Zusammenfluß	101 AD – 250 AD	F. Haug - G. Sixt, Die römischen Inschriften und Bildwerke Württembergs (2. Aufl. Stuttgart 1914) 465-466, Nr. 327; Zeichnung.  CIL 13, 06448.  F. Haug, FS 14, 1906, 38, Nr. 327.	[D]eanae e[x]/plorator(es) // Triboci / et Boi / [v(otum) s(olverunt)] l(ibentes) l(aeti) m(erito)
HD037827	checked with drawing	Pannonia superior	Hungary	Brigetio, bei	Tata	Schlosspark?	71 AD – 150 AD	RIU 0689; Abb. 689 (Zeichnung).  CIL 03, 04276.  H. Ubl, Waffen und Uniform des römischen Heeres der Prinzipatsepoche nach den Grabreliefs Noricums und Pannoniens (Wien 2013) XLIV, Nr. 84; Taf. 29, 117.	Bato Dasentis / filius an(norum) XXV exp/lorator Dases / pater p(osuit) <h=FI>(ic)#<h>(ic)#FI s(itus) e(st)
HD042001	checked with photo	Germania superior	Germany		Miltenberg	Altstadt		CIL 13, 06599.  É. Espérandieu, Recueil général des bas-reliefs, statues et bustes de la Germanie romaine (Paris - Brussel 1931) 126, Nr. 188; Foto.	Genio expl(oratorum) Trip(utiensium) / M(arcus) Ael(ius) Titus lib(rarius) [p(osuit)]
HD042914	checked with photo	Moesia inferior	Bulgaria		Veliki Preslav		301 AD – 500 AD	V. Beševliev, Spätgriechische und spätlateinische Inschriften aus Bulgarien (Berlin 1964) 38, Nr. 53; Taf. 21, 51.  CIL 03, 14207, 21.	$]SI CORI AS[---] / [--- ho]c oratorium [---] / [pr]esbuterum(!) V[---] / [e]piscopii et IOI[---] / quae dicitur Nic[---]/num peccatis [---](?)
HD046246	checked with photo	Raetia	Germany	Biriciana	Weißenburg/Bayern	S. Andreas, Kirche, vermauert	112 AD – 300 AD	AE 2002, 1083. (B)  CIL 03, 11918. (B)  IBR 314. (B)  ILS 9152.  E. Fabricius, in: Der obergermanisch-rätische Limes des Römerreiches B, VII, 72 (Lieferung 26) (Heidelberg 1914) 45, Nr. 1; Taf. 13, 4. (B)  M. Biancardi, ZPE 140, 2002, 245-251; fig. 1-3 (Zeichnungen); fig. 4. (B) - AE 2002.  B. Steidl, BVBl 81, 2016, 161-163; Abb. 9 u. 10.	I(ovi) O(ptimo) M(aximo) / sacrum / coh(ors) IX Bat(avorum) / eq(uitata) |(milliaria) expl(oratorum) / cui praeest / M(arcus) Victorius Provincia/lis praef(ectus) / v(otum) s(olvit) l(aeta) l(ibens) m(erito)
HD047317	provisional	Mauretania Tingitana	Morocco	Sala	Chellah	Bab Zaer, Nekropole		AE 2001, 2148.  AE 2004, 1894.	D(is) M(anibus) s(acrum) / Venetus Aesuv[i f(ilius) m(iles)?] / coh(ortis) II Ast(urum) ex ex[plor(atoribus)] / Brittannic[ianis] / [&
HD047442	provisional	Lusitania	Portugal	Olisipo	Lisboa		131 AD – 170 AD	AE 2000, 0679.  CIL 02, 00354.  HEp 10, 2000, 0732.	D(is) M(anibus) / Q(uinto) Iulio Maximo / Gal(eria) Nepoti Afr[o] / oratori / Q(uintus) Iulius Maximus / [pa]ter filio piissimo / f(aciendum) c(uravit)
HD050420	provisional	Lycia et Pamphylia	Turkey	Tlos	Duver		305 AD	AE 1996, 1498.  CIL 03, 12134.	$] iustame[--] [diligente]r pendentes ne qua forte / [---]tata latuisset cuius occasio temeritati supra / [memoratorum insidiandi pec]uniis innocentium aliquam tribueret facultatem / [competentibus remedi]is censuimus corrigendam placet itaque ut quicu[mque] / [in diem XIII Kal(endas) Octobres] consulatus scilicet nostri Constanti et Maximiani / [Augg(ustorum) V ex adnotationibu]s eorum qui adversae fortunae arbitriis subiugati{o} locum / [fisco fecerant calumnias] sustinebant hi piaetatis(!) nostrae beneficiis liberentur / [nec deinceps ullas o]mnino huiusquemodi fiscales molestias pertimescant si / [enim iniquum liberalitat]is nostrae sensibus visum sit ex his scripturis aliquos con[veniri] / [quas aut inimicus ulc]iscendi se etiam post obitum studio infensus adscribit au[t] / [tamquam in semen luc]rorum seu etiam praedationum immoderata Caesarianorum / [nequitia et exsecranda co]nmenta est et quo huiusmodi inquietudinum tituli s[tirpitus] / [amputati semper consopiant]ur noscite sanctionis nostrae processisse mandat[a ut] / [omnes omnino adnotatio]nes que in diem supra memoratum penes fisci offici[a remansissent] / [in libellis seu membranis seu] etiam chartis aut in quibuslibet instrumentis / [ilico ad comitatum nostru]m mitterentur scilicet ne{c} etiam post ista nost[rae pietatis] / [beneficia remanentibus h]uiusquemodi instrumentis penes officia sup[ra dicta more] / [consueto semper spoliand]i provinciales nostros Caesarianis inpertire[tur occasio nec] / [postea nisi ex manifesti]s probationibus et cautionibus rite conscripti[s] / [in fiscale iudicium vocar]etur illis etiam significationum nostrarum in[structione] / [mandatis ut si quae deince]ps pari casu fisci nostri rationibus adnotationes s[uppeditarentur] / [nullo eorum nomine interp]ellato omnes ad comitatum nostrum ilico dir[igerentur] / [unde perspicitur iuxta consti]tutam nostrae clementiae sanctionem si cui [ex hoc] / [&
HD055635	checked through autopsy	Germania superior	Germany	Mogontiacum	Mainz	Gräbergasse	201 AD – 250 AD	CIL 13, 06814.  ILS 2754.  K. Körber, MZ 11, 1916, 87, Nr. 41; Zeichnung.  W. Boppert, Militärische Grabdenkmäler aus Mainz und Umgebung, CSIR Deutschland 2, 5 (Mainz 1992) 267-269, Nr. 164; Taf. 113.  W. Selzer, Römische Steindenkmäler. Mainz in römischer Zeit. Katalog zur Sammlung in der Steinhalle (Mainz 1988) 147; Abb. 69.	D(is) M(anibus) / T(iti) Fl(avi) Salviani / ex praef(ecto) explora/torum Divitiensium / militiae quartae / equiti Romano / Baebius Isidorus / |(centurio) leg(ionis) amico / f(aciendum) c(uravit)
HD056008	provisional	Raetia	Germany		Pfatter		128 AD – 133 AD	AE 2005, 1150.  B. Steidl, BVBl 70, 2005, 140-145, Nr. 2; Taf. 9,3 u. 9,4.	$ quae appel]l(antur) II Fl(avia) |(milliaria) p(ia) f(idelis) et I H[isp(anorum) Aur(iana) et I Fl(avia) gemell(ian)a et I] singular(ium) c(ivium) R(omanorum) et I [Fl(avia) Canathen(orum) |(milliaria) sag(ittariorum) et I B]reuc(orum) c(ivium) R(omanorum) et I Raet(orum) [et II Raet(orum) et II Aquitan(orum) c(ivium) R(omanorum) et I]II Bracaraug(ustanorum) et III [Thrac(um) vet(erana) et III Thrac(um) c(ivium)] R(omanorum) et III Britannor(um) [et IV Gall(orum) et IV Tung(rorum) |(milliaria) vex(illatio)] et V Bracaraug(ustanorum) et V[I Lusitan(orum) et VIII Batavor(um) eq(uitata) |(milliaria) expl(oratorum) et s]unt in Raetia sub S[cribonio --- qu]in(is) et vicen(is) plurib[usve stipendiis emeritis di]missis honesta m[issione quorum nomina] subscripta sun[t ipsis liberis posterisq(ue) eoru]m civitat[em ded(it) & // $ et I Fl(avia) gemell(ian)]a et I s[ingular(ium) c(ivium) R(omanorum) et I Fl(avia) Canathen(orum) |(milliaria) sag(ittariorum) e]t I Breuc(orum) c(ivium) R(omanorum) e[t I Raet(orum) et II Raet(orum) et II Aquitan(orum)] c(ivium) R(omanorum) et III Brac(ar)au[g(ustanorum) et III Thrac(um) vet(erana) et III Thrac(um) c(ivium)] R(omanorum) et III Britann[or(um) et IV Gall(orum) et IV Tung(rorum) |(milliaria) vex(illatio) et] V Brac(ar)aug(ustanorum) et VI L[usitan(orum) et VIII Batavor(um) eq(uitata) |(milliaria) expl(oratorum) et sunt i]n Raetia sub Scri[bonio --- quin(is) et vicen(is) pluribusve stipendiis emeritis dimissis honesta missione quorum nomina subscripta sunt ipsis liberis posterisq(ue) eo]r(um) civit(atem) ded(it) e[t conubium cum uxoribus &
HD056276	checked through autopsy	Germania superior	Germany	Mogontiacum	Mainz	Zahlbach, Kreuzschanze	201 AD – 225 AD	CIL 13, 07054.  ILS 2632.  K. Körber, MZ 11, 1916, 88-89, Nr, 42; Zeichnung.  W. Boppert, Militärische Grabdenkmäler aus Mainz und Umgebung, CSIR Deutschland 2, 5 (Mainz 1992) 269-270, Nr. 165; Taf. 114.  W. Selzer, Römische Steindenkmäler. Mainz in römischer Zeit. Katalog zur Sammlung in der Steinhalle (Mainz 1988) 154-155; Abb. 84.	D(is) M(anibus) / Togio Stat/uto militi / numeri expl/oratorum / Divitie(n)sium / Antoninia/norum stip/endiorum / XVIIII Togia / Faventina / soror et heres / [frat]ri / [carissi]mo(?) / f(aciendum) c(uravit)
HD058635	checked through autopsy	Germania superior	Germany		Miltenberg	Greinberg, Merkurtempel	212 AD	CIL 13, 06605.  RSO 042.  B. Beckmann, in: K. Reffel (Hrsg.), Römisches Lapidarium - Sammlung römischer Steindenkmäler (Miltenberg 1984) 86-87, Nr. 37; Zeichnung.  É. Ésperandieu, Recueil général des bas-reliefs, statues et bustes de la Germanie romaine (Paris - Brussel 1931) 129, Nr. 195.  L. Friedrich, in: Der obergermanisch-rätische Limes des Römerreiches B, III, 38 (Lieferung 34) (Heidelberg 1914) 53, Nr. 3.  PIR (2. Aufl.) I 182.  PIR (2. Aufl.) I 334.	In h(onorem) d(omus) d(ivinae) / Mercurio / Ci[mbri]ano / [---] |(centurio) / leg(ionis) p[raeposi]/tus n(umeri) [expl(oratorum) Sei]/open[s(ium) pos(uit)] / duobus [Aspris? co(n)s(ulibus)]
HD059832	provisional	Africa Proconsularis	Libyan Arab Jamahiriya	Ghirza	Qirdah			<a href="http://irt.kcl.ac.uk/irt2009/IRT994.html">IRT 994</a>.	Seque[ns---]o[---]e[---] / cis memorator M/[---]neorum est Mon/[---]san filius Voc/IIS omnibus par/rentibus(!) pos[uit] / quis et V[---] / diem[---] / vic[tori]arum [s]u/arum exhibuit / sacrificia [---]are/ntaliorum ta/uros n(umero) LI qu/inquaginta e[t] / [unum?] capros [n(umero)] / [XX?]XVIII tri[gi]/[nta o]ct[o---]
HD060101	provisional	Germania superior	Germany		Aschaffenburg	Stadtturm	178 AD	CIL 13, 06629.  RSO 001.  L. Hefner, in: H. Kirchner (Hrsg.), Festschrift des Kronberg-Gymnasiums Aschaffenburg (Aschaffenburg 1968) 74.	Apollini et / Dianae n(umerus) Brit(tonum) / et explorat(ores) / Nemaning(enses) c(uram) / agen(te) T(ito) Aurel(io) / Firmino |(centurione) / eg(ionis) XXII Pr(imigeniae) p(iae) f(idelis) / v(otum) s(olverunt) l(ibentes) l(aeti) m(erito) Idibus / Augus(tis) Orfito / et Rufo co(n)s(ulibus)
HD060185	checked with drawing	Germania superior	Germany		Aschaffenburg	Stadtmauer	171 AD – 200 AD	CIL 13, 06642.  RSO 033.  L. Hefner, in: H. Kirchner (Hrsg.), Festschrift des Kronberg-Gymnasiums Aschaffenburg (Aschaffenburg 1968) 81.	I(ovi) O(ptimo) M(aximo) [et Genio?] / n(umeri) Brit(tonum) [et expl(oratorum)] / Neman[in]g(ensium) / Q(uintus) B[---]ius / Br[---]us |(centurio) / [leg(ionis)] XXII [Pr(imigeniae) p(iae) f(idelis)] / v(otum) s(olvit) l(ibens) l(aetus) m(erito)
HD061370	checked with drawing	Dalmatia	Croatia	Salonae	Solin		151 AD – 300 AD	CIL 03, 14769; Zeichnung.	$] / Clit[iae?] / Max[imae] / vix(it) [an(nos) ---] / L(ucius) Au[relius] / Ora[tor?] / [&?
HD061487	checked with drawing	Germania superior	Germany		Neuwied	Niederbieber	222 AD – 235 AD	CIL 13, 07751.	[I]n h(onorem) d(omus) d(ivinae) / [Ge]nio n(umeri) expl/[or]at(orum) Germanic(orum) / D[ivi]tien(sium) [[Alex]]/[[andrianorum]] / A[u]rel[iu]s Vict[o]/rinus cornicu[l]/[ar(ius)] ex u[s]ur[is ---] / [nu]meri Kal(endis) Oc[tobr(ibus)] / [v(otum)] s(olvit) l(ibens) [l(aetus) m(erito)]
HD067934	no image	Pannonia inferior	Hungary	Aquincum?	Budapest?		101 AD – 200 AD	TitAq 0096.  CIL 03, 03648.  CIL 03, 10422.	I(ovi) O(ptimo) M(aximo) // M(arcus) Ulpius / Pusinnio |(centurio) ex/ploratorum / v(otum) s(olvit) l(ibens) m(erito)
HD068268	no image	Thracia	Turkey	Perinthus, bei	Silivri	Çanta	201 AD – 300 AD	CIL 03, 14207, 10.  G. Alföldy, Die Hilfstruppen der römischen Provinz Germania Inferior, EpStud 6 (Düsseldorf 1968) 224, Nr. 190.	[-]vacimio Probino militi n(umeri) expl(oratorum) / [G]ermanicianorum Ger(maniae) inf(erioris) vixit / [a]nnis [L?]I militavit [an]nis XXIIII N/[---]O[---]ID[--- Ma?]crina [---] / [--- Mate?]rna
HD070437	checked with drawing	Britannia	United Kingdom	Habitancum	Risingham	Kastell, principia	213 AD	CIL 07, 01002. (B)  CIL 07, 01002, add. p. 311.  RIB 1235; Zeichnungen.  PIR (2. Aufl.) I 405.	[Imp(eratori) Caes(ari) di]vi Sept(imi) [Severi Pii Arabici Adi]abenic[i Parthici Maxi]mi Bri[tannici Maxi]mi filio di[vi Antonini Pii] / [Germanici] Sarmati[ci nepoti divi Anton]ini Pii pro[nepoti divi H]adriani a[bnep(oti) divi Traian]i Partichi et [divi Nervae adnep(oti)] / [M(arco) Aurelio] Anton[ino Pio Fel(ici) Aug(usto) Parth]ico Maxim[o Britannico Maximo Germanico Maximo] trib(unicia) potesta[te XVI imperatori II] / [patri pat]ri(a)e proconsuli pro [pietate ac dev]otione com[muni e]t Iu[liae Domnae Piae Fel(ici) Aug(ustae) Ma]tri August[i nostri item] / [castroru]m senatus {h}ac patri(a)e pro [pi]etate {h}ac d[evoti]one [communi curante] [[[C(aio) I]ulio Marco]] [leg(ato)] Aug(ustorum) [pr(o) pr(aetore)] / [coh(ors) I Van]gionum item Raeti Gae[sa]ti et Expl[oratores Habitancenses] posuerun[t d(evoti) n(umini) m(aiestati) q(ue) eorum]
HD070445	checked with drawing	Britannia	United Kingdom	Habitancum	Risingham	Risingham - West Woodburn, zwischen	138 AD – 367 AD	CIL 07, 01010.  RIB 1243.	[---] / [pe]r coh(ortem) [I Vang(ionum)] / [et n]ume[rum] / [E]xplor[ator(um)] / [a] sol(o) re[stit(uit)]
HD070446	checked with drawing	Britannia	United Kingdom	Habitancum	Risingham		138 AD – 367 AD	RIB 1244; Zeichnung.	[---] OI [---] / [---]EO[---] / [---] co[h(ors) ---] / [---] et n[umerus ---] / [---] et Ex[ploratores]
HD070464	checked with drawing	Britannia	United Kingdom	Bremenium	High Rochester	Lager, principia, Fahnenheilgtum	238 AD – 241 AD	CIL 07, 01030. (B)  CIL 07, 01030, add. p. 312.  RIB 1262; Zeichnungen.  PIR (2. Aufl.) E 23.	G(enio) d(omini) n(ostri) et / Signorum / coh(ortis) I Vardul[l(orum)] / et n(umeri) Explora/tor(um) Brem(eniensium) Gor(diani) / Egnat(ius) Lucili/anus leg(atus) Aug(usti) pr(o) pr(aetore) / curante Cassio / Sabiniano trib(uno)
HD074566	checked with photo	Pannonia inferior	Serbia	Acumincum, bei	Titel	Burg	1 AD – 300 AD	CIL 03, 03254; Zeichnung.  ILS 2633.	I(ovi) O(ptimo) M(aximo) / Tib(erius) Dexter / |(centurio) explora/torum / v(otum) s(olvit) l(ibens) m(erito)
